date,title,price
2025-06-08,Volvo 850 Estate 2.0-10v,Brak ceny
2025-06-08,Chrysler PT Cruiser 2.0i Limited,Brak ceny
2025-06-08,Renault Clio 1.2 16V Alize Euro5,Brak ceny
2025-06-08,Opel Astra,Brak ceny
2025-06-08,Seat Leon 1.6 Cool,Brak ceny
2025-06-08,Mercedes-Benz Klasa A 150 Avantgarde,Brak ceny
2025-06-08,Chevrolet Nubira 1.6 Kombi SX,Brak ceny
2025-06-08,Chevrolet Evanda,Brak ceny
2025-06-08,Seat Leon 1.6 16V Signo,Brak ceny
2025-06-08,Audi A3,Brak ceny
2025-06-08,Seat altea xl,9 500 zł
2025-06-08,"Peugeot 207 SW 1,6i 120KM Outdoor/Klima/Panorama/PółSkóry/Navi",12 900 zł
2025-06-08,Seata altea xl 2007 rok,9 900 zł
2025-06-08,Opel Astra,4 900 zł
2025-06-08,Sprzedam Mercedes E 270 CDI W210 Klima Automat,10 700 zł
2025-06-08,Zefira B,100 zł
2025-06-08,Sprzedam Volkswagena Passata,2 500 zł
2025-06-08,Volkswagen Touran,4 900 zł
2025-06-08,"Opel Zafira B 2008 1,8 LPG LIFT",12 900 zł
2025-06-08,NISSAN MICRA 2004 r. od syndyka,1 200 zł
2025-06-08,Samochód Volkswagen Golf sprzedam,1 800 zł
2025-06-08,Sprzedam,10 000 zł
2025-06-08,Sprzedam części BMW E61 Lub calosc,50 zł
2025-06-08,Toyota,2 600 zł
2025-06-08,"Opel Meriva 1,6i 100KM EnJoy/Klimatyzacja/Alufelgi/Serwisowany/Zadbany",11 900 zł
2025-06-08,Ford Focus Ghia,10 500 zł
2025-06-08,A4 b5 sedan,2 500 zł
2025-06-08,Sprzedam VW Golf 4,4 500 zł
2025-06-08,Fiat Idea,4 800 zł
2025-06-08,"volvo v50 s40 na czesci 455-16 ,skóra",977 zł
2025-06-08,mazda mpv 20 na części,977 zł
2025-06-08,"ford fiesta mk6 13b 14tdci na czesci czesci ,",977 zł
2025-06-08,"volvo v40 s40 ,1,9td na czesci",907 zł
2025-06-08,Volvo V50,12 500 zł
2025-06-08,Sprzedam samochód osobowy,6 000 zł
2025-06-08,Sprzedam silnik do Bmw 2.0d 177km. USZKODZONY DÓŁ SILNIKA,1 500 zł
2025-06-08,Sprzedam Peugot 308,11 000 zł
2025-06-08,Volvo V50 1.6HDi Lift 2008r Climatronic Sprowadzony Alufelgi Opłacony!,11 900 zł
2025-06-08,Mitsubishi Grandis,"12,50 zł"
2025-06-08,Sprzedam Audi A6C5,6 800 zł
2025-06-08,Sprzedam KIA ASIA,9 500 zł
2025-06-08,Volvo V50 1.8B Lift 2008r Climatronic Alufelgi Opłacone Kombi!,12 900 zł
2025-06-08,"Hyundai Tucson 2,0i 141KM /Alu/Zadbany/Podgrzewane Fotele/Zarejestrowany",12 500 zł
2025-06-08,Volvo V50 1.6B Lift 2007r Climatronic Czarna Perła Alufelgi Kombi !,12 900 zł
2025-06-08,Citroen C3,5 000 zł
2025-06-08,Mercedes-Benz 240,6 900 zł
2025-06-08,Honda Civic,6 500 złBRUTTO
2025-06-08,Volkswagen Golf,10 700 zł
2025-06-08,Renault Megane,2 600 zł
2025-06-08,Mercedes-Benz Klasa A,9 100 zł
2025-06-08,Renault Megane,12 900 zł
2025-06-08,Honda City,10 000 zł
2025-06-08,Opel Meriva,11 200 zł
2025-06-08,Seat Leon,8 283 zł
2025-06-08,Opel Astra,8 500 zł
2025-06-08,Toyota Avensis,7 000 zł
2025-06-08,Mercedes-Benz Vaneo,7 000 zł
2025-06-08,Citroen C3,12 900 zł
2025-06-08,Renault Megane,4 500 zł
2025-06-08,Mercedes-Benz Klasa A,11 000 zł
2025-06-08,Fiat Bravo,11 500 zł
2025-06-08,Renault Megane,9 500 zł
2025-06-08,Peugeot 607,2 500 zł
2025-06-08,Citroen Berlingo,10 900 zł
2025-06-08,Ford Fiesta,2 800 zł
2025-06-08,Seat Altea,9 900 zł
2025-06-08,Opel Astra,2 000 zł
2025-06-08,Citroen C3 Picasso,7 800 zł
2025-06-08,Skoda Fabia,9 999 zł
2025-06-08,W CAŁOŚCI NA CZĘŚCI,3 100 zł
2025-06-08,"VW T4 Multivan TDI 1997 silnik ACV, bez klimy, niezawodny, sprawny",12 900 zł
2025-06-08,Mercedes-Benz W210 220 CDI Elegance - auto z dużym potencjałem,8 950 zł
2025-06-08,KIA CEED 1.4 benzyna gaz 2007,5 000 zł
2025-06-08,Sprzedam Opel Signum,5 700 zł
2025-06-08,Volvo V40 2.0 B+G 2000r 140KM hak Cena ostateczna do końca tygodnia,2 000 zł
2025-06-08,Opel Astra H zadbana / klima / kombi / 1.6benzyna,8 500 zł
2025-06-08,Chrysler Sebring 2.0 Benzyna LPG zamiana,9 000 zł
2025-06-08,1.5 dCi ekonomiczny Klimatyzacja sedan,5 600 zł
2025-06-08,"BMW e39 523i 2,5 170 km",7 800 zł
2025-06-08,Sprzedam Opel Meriva 1.4 + gaz 2008r,9 700 zł
2025-06-08,Opel vectra B 2.0 v16 1999 rok,5 400 zł
2025-06-08,Nissan Almera 1.8 2004,1 600 zł
2025-06-08,Ford Focus mk2 1.6 tdci 90KM fabrycznie bez Dpf,7 500 zł
2025-06-08,"Ford Focus mk1 1,6 Benzyna 2002r",2 500 zł
2025-06-08,Bmw 318i  e46 FL 1.8 Benzyna 2005R,7 990 zł
2025-06-08,Volvo s60 2.0Turbo z LPG,9 900 zł
2025-06-08,Megane Scenic,5 350 zł
2025-06-08,Hyundai i30 1.6 CRDi 115KM 2007r Bezwypadkowy!,12 000 zł
2025-06-08,skoda fabia uszkodzona,1 500 zł
2025-06-08,Opel Corsa LPG- ekonomiczne auto,9 300 zł
2025-06-08,Avensis t25 2.0 d4d,7 300 zł
2025-06-08,"Sprzedam 1,4  B+ Gaz",7 200 zł
2025-06-08,Mazda 2 . 1.3 Benzyna* 5drzwi* Klimatyzacja*2009R,10 990 zł
2025-06-08,Skoda Superb 1.8t 150km+ 2003 rok,8 800 zł
2025-06-08,Renault Clio 2009 1.2 benzyna,8 900 zł
2025-06-08,Swat cordoba 1.4,700 zł
2025-06-08,Toyota Avensis,3 900 zł
2025-06-08,Sprzedam Seata Leona 2000r,2 800 zł
2025-06-08,Sprzedam TOYOTĘ YARIS,4 000 zł
2025-06-08,Ford C-MAX,Brak ceny
2025-06-08,Volvo V70 D5 AWD Automatik,Brak ceny
2025-06-08,Ford Focus C-Max,5 900 zł
2025-06-08,Fiat 126p elegant,2 500 zł
2025-06-08,Toyota Yaris 1.0 Terra,Brak ceny
2025-06-08,Skoda Octavia 1.6 Classic,Brak ceny
2025-06-08,Bmw Seria 1,11 900 zł
2025-06-08,Ford Focus kombi 1.6,3 700 zł
